Date,Open,High,Low,Close,Volume
2021-06-15,37.13,38.99,37.13,38.99,36114
2021-06-16,40.93,40.93,40.93,40.93,11441
2021-06-17,42.95,42.95,42.95,42.95,6287
2021-06-18,45.06,45.06,42.95,45.06,103203
2021-06-21,47.3,47.3,46.2,47.3,26433
2021-06-22,49.66,49.66,49.66,49.66,5483
2021-06-23,52.11,52.11,47.22,49.92,134026
2021-06-24,52.07,52.07,47.43,47.43,73638
2021-06-25,49.24,49.24,45.06,45.15,30621
2021-06-28,44.3,47.38,44.3,47.38,24828
2021-06-29,51.48,56.84,51.48,56.84,243988
2021-06-30,61.6,68.19,59.37,68.19,962481
2021-07-01,68.95,74.26,61.39,62.49,1357854
2021-07-02,62.45,68.73,59.92,68.73,450890
2021-07-05,71.65,75.57,71.65,75.57,224657
2021-07-06,83.12,83.12,83.12,83.12,74509
2021-07-07,91.44,91.44,85.15,91.44,358308
2021-07-08,95.99,95.99,95.87,95.99,121113
2021-07-09,97.72,100.76,91.22,100.76,342703
2021-07-12,103.8,104.64,95.74,95.74,473005
2021-07-13,90.97,95.19,90.97,90.97,117381
2021-07-14,86.46,86.46,86.46,86.46,17463
2021-07-15,82.15,90.72,82.15,82.15,291092
2021-07-16,78.06,86.25,78.06,86.25,370746
2021-07-19,86.08,90.55,84.64,90.55,100192
2021-07-20,95.02,95.06,92.07,95.06,272335
2021-07-22,97.43,99.79,92.07,99.79,367834
2021-07-23,100.8,103.71,94.98,97.72,177027
2021-07-26,100.42,100.42,95.02,95.99,83604
2021-07-27,99.58,99.58,91.22,91.6,95708
2021-07-28,92.83,96.16,88.61,96.12,230341
2021-07-29,99.58,99.58,91.6,92.66,146524
2021-07-30,95.61,96.88,92.41,94.35,104523
2021-08-02,96.96,96.96,91.98,92.74,41231
2021-08-03,94.35,94.35,88.19,90.09,78206
2021-08-04,88.82,94.35,86.33,91.48,116017
2021-08-05,93.21,94.77,87.81,88.95,47806
2021-08-06,90.97,91.14,88.19,88.61,25152
2021-08-09,90.72,91.31,85.32,85.91,53319
2021-08-10,85.82,86.63,81.65,81.65,47607
2021-08-11,82.62,84.81,77.6,78.78,74166
2021-08-12,77.68,82.57,77.64,81.94,46355
2021-08-13,81.94,81.94,77.85,78.52,104607
2021-08-16,80.13,80.13,74.6,74.9,38624
2021-08-17,75.53,75.53,71.18,71.18,43754
2021-08-18,68.4,69.83,67.64,67.64,37384
2021-08-20,64.3,71.01,64.26,68.95,126783
2021-08-23,71.6,72.15,65.53,65.53,24521
2021-08-24,62.28,68.69,62.28,62.45,119085
2021-08-25,64.47,65.57,62.7,65.57,57916
2021-08-26,68.78,68.82,66.75,68.82,41523
2021-08-27,71.31,72.24,68.99,71.82,32290
2021-08-30,71.82,75.4,71.82,75.15,76012
2021-08-31,75.27,75.82,71.39,71.82,58810
2021-09-01,71.77,73.12,68.23,68.52,27672
2021-09-02,68.52,71.69,68.36,68.82,32589
2021-09-03,70.21,70.72,66.71,69.49,24007
2021-09-06,70.89,70.89,68.48,69.2,11642
2021-09-07,68.36,69.33,66.67,67.22,12188
2021-09-08,66.79,68.36,64.9,65.74,11534
2021-09-09,65.95,67.51,63.29,66.08,42786
2021-09-13,69.2,69.2,66.25,68.31,22244
2021-09-14,68.61,70.04,67.51,67.76,19398
2021-09-15,67.6,69.16,66.25,66.71,21406
2021-09-16,67.51,67.98,65.82,66.08,14090
2021-09-17,65.95,67.68,63.46,67.3,18825
2021-09-20,65.11,68.99,65.11,67.93,26436
2021-09-21,69.62,69.62,64.68,65.4,19292
2021-09-22,65.53,66.37,62.74,63.88,27426
2021-09-23,64.56,66.5,64.09,65.27,17465
2021-09-24,66.67,66.67,62.49,63.71,20473
2021-09-27,64.26,65.74,61.35,62.11,30984
2021-09-28,62.03,63.08,60.97,62.19,5505
2021-09-29,62.24,64.14,61.14,63.5,13593
2021-09-30,61.77,64.14,61.77,63.71,7425
2021-10-01,63.71,65.15,62.7,64.85,9074
2021-10-04,64.98,65.44,63.29,65.02,8959
2021-10-05,64.98,67.43,64.73,66.67,28571
2021-10-06,65.82,67.43,64.98,65.74,14085
2021-10-07,66.58,67.13,65.61,66.5,9892
2021-10-08,63.42,66.41,63.42,65.4,24871
2021-10-11,64.77,67.13,63.5,64.05,25383
2021-10-12,64.05,67.22,62.95,67.22,23594
2021-10-13,70.55,70.55,68.36,70.55,33317
2021-10-14,72.57,74.05,71.77,72.7,40841
2021-10-18,75.11,75.11,70.55,70.59,24882
2021-10-19,72.57,73.17,69.62,70.46,21486
2021-10-20,70.84,70.84,66.96,66.96,12687
2021-10-21,68.73,68.73,64.43,65.36,13031
2021-10-22,66.96,68.61,65.36,66.79,16621
2021-10-25,65.95,70.13,64.6,66.16,19774
2021-10-26,68.31,68.36,63.59,64.56,15856
2021-10-27,65.02,67.76,64.98,67.76,15860
2021-10-28,70.89,71.14,65.99,66.96,32924
2021-10-29,68.36,70.3,65.44,67.17,32937
2021-11-01,70.04,70.46,67.85,68.73,10675
2021-11-02,68.36,70.04,67.85,69.07,8827
2021-11-03,67.98,69.75,65.65,66.46,26110
2021-11-04,68.36,69.75,66.63,68.65,15293
2021-11-08,68.36,70.51,66.29,69.62,57221
2021-11-09,70.17,70.89,66.71,67.68,30734
2021-11-10,67.72,68.36,64.56,67.55,28542
2021-11-11,65.23,70.93,64.68,70.93,111741
2021-11-12,73.25,74.47,70.93,74.47,63525
2021-11-15,77.64,77.64,70.76,70.76,56474
2021-11-16,69.41,71.73,67.34,68.61,21319
2021-11-17,69.2,69.28,67.51,68.23,15541
2021-11-18,68.06,68.9,65.78,65.95,24306
2021-11-22,65.95,67.17,62.91,63.33,43713
2021-11-23,65.95,65.95,60.76,63.29,24036
2021-11-24,63.54,65.82,61.69,62.32,21017
2021-11-25,62.62,65.4,60.8,62.83,45817
2021-11-26,62.32,64.39,61.48,62.15,17249
2021-11-29,61.73,63.25,59.96,61.27,22498
2021-11-30,61.1,62.28,58.78,60.13,18472
2021-12-01,60,60.51,58.23,59.24,22923
2021-12-02,61.06,61.06,57.38,58.1,23792
2021-12-03,59.75,60.97,58.4,60.08,19604
2021-12-06,61.14,61.14,57.22,58.06,27412
2021-12-07,58.82,59.87,57.81,59.07,11589
2021-12-08,59.07,60.76,57.6,58.69,15692
2021-12-09,58.65,60.93,57.81,59.2,16270
2021-12-10,61.1,65.11,58.65,65.11,60154
2021-12-13,66.12,66.12,62.79,63.42,37954
2021-12-14,63.29,65.74,62.95,64.3,21529
2021-12-15,65.7,66.54,62.62,63.67,24940
2021-12-16,64.01,65.57,63.5,63.84,13694
2021-12-17,63.71,65.36,62.45,62.57,9723
2021-12-20,61.27,61.86,57.38,57.98,18580
2021-12-21,61.56,61.56,57.81,58.35,15362
2021-12-22,61.14,61.14,58.9,59.24,8851
2021-12-23,59.33,63.67,59.11,62.66,27849
2021-12-24,63.67,63.67,60.84,61.35,8935
2021-12-27,62.36,63.46,60.93,62.28,7974
2021-12-28,61.69,63.17,61.69,62.24,8831
2021-12-29,63.25,66.5,61.73,66.03,86390
2021-12-30,66.54,69.79,66.33,68.02,48085
2021-12-31,71.44,71.44,68.27,69.24,14432
2022-01-03,69.24,73.92,68.36,68.48,37311
2022-01-04,70,70.55,65.91,67.6,32012
2022-01-05,67.55,68.86,66.46,67.09,18416
2022-01-06,67.51,67.51,65.15,66.71,9109
2022-01-07,67.47,67.81,64.35,65.11,29890
2022-01-10,68.36,68.36,63.5,64.18,64064
2022-01-11,65.74,65.74,61.44,62.87,36567
2022-01-12,62.53,64.14,62.53,63.21,14083
2022-01-13,63.97,64.98,62.87,64.26,9364
2022-01-14,65.57,65.57,62.45,63.42,15319
2022-01-17,65.4,65.4,61.77,63.38,25132
2022-01-18,62.57,63.97,61.77,62.45,13765
2022-01-19,63.25,63.25,61.77,62.19,12466
2022-01-20,62.49,64.09,62.49,63.88,13639
2022-01-21,63.97,64.3,60.38,61.06,32383
2022-01-24,60.76,62.41,59.28,61.6,18978
2022-01-25,62.36,62.36,56.79,60.8,8958
2022-01-27,62.45,62.45,58.23,59.54,10659
2022-01-28,59.2,65.32,59.07,60.34,47626
2022-01-31,63.12,63.12,59.28,60.68,11019
2022-02-01,60.93,62.03,58.35,59.79,35349
2022-02-02,59.83,61.18,59.54,60.3,10625
2022-02-03,61.48,61.6,60.04,61.06,12916
2022-02-04,61.14,63.21,60.97,62.83,13364
2022-02-07,63.29,63.29,60.84,61.22,6031
2022-02-08,60.84,63.04,60.21,62.19,4495
2022-02-09,62.03,62.03,59.28,59.87,6508
2022-02-10,59.2,60.84,59.07,59.2,8031
2022-02-11,57.98,60.42,53.46,57.51,20946
2022-02-14,61.6,63.29,55.7,57.17,103151
2022-02-15,59.07,63.21,55.7,56.79,89648
2022-02-16,59.92,61.01,57.89,58.57,38797
2022-02-17,56.79,60.51,56.71,57.05,19036
2022-02-18,57.05,57.76,54.94,56.25,16862
2022-02-21,57.38,57.38,53.17,53.8,16920
2022-02-22,51.22,54.01,49.45,50.04,20638
2022-02-23,48.23,54.85,48.23,52.41,34052
2022-02-24,52.32,52.32,43.59,45.19,44410
2022-02-25,44.85,48.9,44.85,47.43,31132
2022-02-28,47.51,50.63,46.03,50.3,9084
2022-03-02,53.08,53.08,50.17,51.18,12250
2022-03-03,50.76,51.6,50.76,50.84,5829
2022-03-04,50.21,50.46,46.88,48.19,9752
2022-03-07,45.82,47.81,45.82,46.62,10090
2022-03-08,49.54,50.38,46.88,47.89,15061
2022-03-09,48.65,48.65,45.57,47.3,19022
2022-03-10,47.64,50,47.64,48.31,19462
2022-03-11,50.17,50.17,46.88,47.3,15515
2022-03-14,47.43,49.28,46.08,46.88,19944
2022-03-15,46.88,49.75,46.29,46.84,27394
2022-03-16,47.47,48.82,47.3,47.76,7029
2022-03-17,47.26,48.61,46.75,47.17,12191
2022-03-21,46.71,48.82,46.71,47.34,7773
2022-03-22,46.71,47.43,45.74,46.33,15681
2022-03-23,45.74,47.3,44.01,45.74,35674
2022-03-24,45.74,47,45.23,45.44,15079
2022-03-25,46.84,46.96,44.89,45.15,13399
2022-03-28,46.37,47.68,44.98,45.74,11342
2022-03-29,45.74,47.6,42.49,44.14,20807
2022-03-30,43.38,44.22,38.4,41.1,113507
2022-03-31,42.07,42.11,39.71,40.21,33039
2022-04-01,41.9,48.23,40.51,48.23,81642
2022-04-04,54.81,57.85,54.6,57.85,257911
2022-04-05,62.87,69.41,60.59,69.41,1005187
2022-04-06,69.11,69.11,62.49,64.05,357016
2022-04-07,66.58,66.58,60.84,62.36,61486
2022-04-08,64.3,64.3,60.76,61.14,27894
2022-04-11,62.83,63.29,58.61,59.79,47480
2022-04-12,58.27,59.2,56.79,57.22,23013
2022-04-13,57.34,58.61,55.27,56.29,23726
2022-04-18,56.29,59.62,56.29,57.47,32843
2022-04-19,58.82,58.99,52.57,55.19,26754
2022-04-20,55.19,56.29,54.05,54.52,13571
2022-04-21,55.02,59.11,54.98,56.41,42927
2022-04-22,57.34,58.14,56.41,56.75,12065
2022-04-25,57.38,57.38,53.84,54.43,15900
2022-04-26,54.85,55.65,53.67,53.8,14231
2022-04-27,53.42,54.39,51.73,52.62,10212
2022-04-28,53.92,53.92,51.98,52.7,13430
2022-04-29,54.85,54.85,50,50.84,12482
2022-05-02,50.84,51.1,48.31,48.82,16397
2022-05-04,49.87,50.3,47.76,48.06,10591
2022-05-05,49.79,49.79,46.41,46.62,18170
2022-05-06,46.41,48.78,45.65,48.65,15780
2022-05-09,50,50,46.58,47.34,15231
2022-05-10,49.75,49.75,45.53,46.58,8768
2022-05-11,47.89,47.89,42.03,42.79,22501
2022-05-12,45.4,45.4,42.24,45.11,21386
2022-05-13,44.77,46.25,44.77,45.32,5415
2022-05-16,46.37,46.37,44.6,45.53,4737
2022-05-17,46.08,50.04,46.03,49.79,16223
2022-05-18,50.34,50.34,48.1,49.66,8249
2022-05-19,49.37,49.37,45.91,47.22,6747
2022-05-20,48.95,49.11,47.64,48.61,4831
2022-05-23,48.31,48.52,47.05,47.3,4252
2022-05-24,47.93,48.52,47.38,47.98,2308
2022-05-25,47.55,47.6,45.99,46.03,4591
2022-05-26,47.26,47.26,43.04,44.85,10100
2022-05-27,44.94,46.41,43.8,45.11,13988
2022-05-30,49.58,49.58,49.58,49.58,7546
2022-05-31,54.52,54.52,54.52,54.52,11728
2022-06-01,59.96,59.96,58.44,59.96,51942
2022-06-02,60.89,62.95,56.96,56.96,116178
2022-06-03,58.48,58.48,54.26,54.85,17068
2022-06-06,54.52,54.52,52.53,52.91,9643
2022-06-07,52.32,53.12,51.22,52.53,11867
2022-06-08,53.71,53.71,50.63,50.93,8004
2022-06-09,51.14,52.41,48.4,48.73,30948
2022-06-10,47.26,48.78,46.33,46.92,23981
2022-06-13,46.46,48.02,45.61,47.43,9454
2022-06-14,47.17,49.79,46.46,49.79,17297
2022-06-15,50.63,52.28,50.63,52.28,14260
2022-06-16,54.81,54.85,50.72,51.73,51477
2022-06-17,51.69,52.24,49.83,50.63,9924
2022-06-20,50,52.19,49.03,49.07,9384
2022-06-21,49.07,51.52,48.95,50.38,9313
2022-06-22,49.28,50.17,48.95,49.24,8959
2022-06-23,49.41,51.01,49.41,50.25,5471
2022-06-24,51.9,51.9,49.24,49.49,5289
2022-06-27,49.75,51.94,49.75,50.38,9348
2022-06-28,50.21,52.32,50,51.06,6849
2022-06-29,50.34,51.39,48.61,50.17,8982
2022-06-30,50.17,52.66,48.23,48.99,16468
2022-07-01,48.95,50.51,48.65,49.28,5516
2022-07-04,50.55,50.59,48.23,49.24,3813
2022-07-05,51.35,51.69,48.52,49.45,22115
2022-07-06,49.75,50.55,49.11,49.62,5565
2022-07-07,49.79,51.65,49.79,50.59,5609
2022-07-08,50.72,51.9,50.21,50.34,9582
2022-07-11,49.45,51.27,49.45,51.1,3147
2022-07-12,50.72,52.41,50.72,51.52,12708
2022-07-13,52.32,52.83,51.48,51.6,4993
2022-07-14,52.19,53.17,51.65,52.66,11412
2022-07-15,52.36,52.66,51.69,52.49,3207
2022-07-18,51.52,53.17,50.84,52.19,10670
2022-07-19,51.65,53.17,51.48,52.7,3318
2022-07-20,53.8,53.88,51.73,52.79,11396
2022-07-21,52.7,53.59,52.49,53.04,3556
2022-07-22,53.29,55.65,52.62,54.3,17627
2022-07-25,56.88,57,55.27,56.96,14330
2022-07-26,58.23,58.69,54.6,55.44,7654
2022-07-27,56.41,56.67,53.92,54.85,6591
2022-07-28,55.87,56.5,54.18,54.9,11503
2022-07-29,54.98,57.34,54.98,56.92,14718
2022-08-01,54.3,54.9,54.09,54.09,13227
2022-08-02,51.39,52.32,51.39,51.6,18800
2022-08-03,50.68,51.35,49.87,50.34,7727
2022-08-04,50.34,51.1,48.95,49.28,11588
2022-08-05,49.49,50.59,49.45,49.96,6173
2022-08-08,49.96,50.59,48.23,49.71,6603
2022-08-10,51.48,51.48,49.49,50.04,8375
2022-08-11,49.83,50.46,48.65,48.9,10973
2022-08-12,48.95,49.79,48.1,48.57,6419
2022-08-16,47.6,49.83,47.6,49.71,6078
2022-08-17,50.63,52.87,49.45,50.8,46696
2022-08-18,49.79,51.35,49.41,49.75,9582
2022-08-19,50.51,51.22,48.95,49.03,11424
2022-08-22,49.16,49.71,48.4,48.65,9989
2022-08-23,50,50,46.5,47.72,16423
2022-08-24,48.44,48.86,47.38,48.65,10907
2022-08-25,50.63,50.63,46.58,48.86,11963
2022-08-26,48.23,49.24,48.23,49.16,7290
2022-08-29,48.9,49.54,46.54,47.05,20779
2022-08-30,45.57,48.31,45.57,47.89,19234
2022-09-01,48.02,50.93,47.68,50.08,13971
2022-09-02,51.48,51.48,47.26,49.37,20636
2022-09-05,49.41,51.14,48.14,49.28,25195
2022-09-06,50.25,50.3,49.24,49.62,12557
2022-09-07,48.99,49.79,46.71,48.57,22787
2022-09-08,48.57,50.59,48.57,49.2,12868
2022-09-09,50.59,50.59,45.02,48.65,26275
2022-09-12,50.38,51.56,48.65,51.31,31596
2022-09-13,52.32,53.17,51.44,52.41,25082
2022-09-14,52.32,55.61,50.72,53.92,85733
2022-09-15,55.49,55.49,52.49,53.12,16782
2022-09-16,54.35,54.35,51.22,51.86,11846
2022-09-19,52.11,52.32,51.22,51.56,5902
2022-09-20,51.86,52.28,51.31,51.94,11726
2022-09-21,51.86,51.98,50.72,51.31,4486
2022-09-22,50.8,54.22,50.8,53.12,48183
2022-09-23,53.12,53.54,50.93,51.31,14186
2022-09-26,51.31,51.31,48.48,50.04,8606
2022-09-27,50.13,51.1,49.16,50.38,9503
2022-09-28,50.46,51.1,49.92,50.25,4920
2022-09-29,52.11,52.11,49.2,51.14,8594
2022-09-30,50.63,55.49,50.08,51.52,15397
2022-10-03,52.66,53.08,51.18,51.56,10902
2022-10-04,53.71,53.76,51.39,51.48,11496
2022-10-06,51.52,53,50.68,51.48,13829
2022-10-07,51.48,51.48,50.21,50.93,25830
2022-10-10,53.08,60.34,51.48,56.58,182275
2022-10-11,58.78,61.6,55.78,56.54,86219
2022-10-12,56.75,58.1,54.52,55.36,15126
2022-10-13,55.27,56.54,53.33,53.67,16285
2022-10-14,54.85,55.61,51.31,52.7,22826
2022-10-17,51.1,52.62,51.06,51.6,5617
2022-10-18,52.53,54.81,51.81,51.98,6793
2022-10-19,51.1,53.17,51.1,52.28,7042
2022-10-20,51.73,52.32,51.14,51.48,5313
2022-10-21,51.94,53.71,50.93,52.36,5508
2022-10-24,51.06,56.5,51.06,53.84,21234
2022-10-25,55.49,55.49,51.06,52.15,16102
2022-10-27,51.65,53.12,51.06,52.11,4235
2022-10-28,52.36,52.57,51.35,51.73,4842
2022-10-31,51.39,53.21,51.31,52.11,13049
2022-11-01,52.32,52.74,51.6,52.57,3268
2022-11-02,53.17,63.08,51.77,59.11,340518
2022-11-03,57.98,58.86,54.94,55.06,54475
2022-11-04,55.7,60.34,55.7,57.64,75043
2022-11-07,60.08,60.08,56.25,57.05,24884
2022-11-09,57.05,57.38,53.84,55.61,10320
2022-11-10,55.61,56.2,54.22,54.39,7131
2022-11-11,54.47,55.87,54.01,54.94,7131
2022-11-14,54.9,57.09,54.05,54.05,5945
2022-11-15,51.48,52.36,49.33,49.87,81857
2022-11-16,49.92,51.44,49.92,50.25,10159
2022-11-17,50.3,50.63,48.35,48.9,12454
2022-11-18,49.33,50.97,48.52,48.82,12229
2022-11-21,49.07,53.17,49.07,50.51,68108
2022-11-22,52.95,52.95,49.03,49.41,11561
2022-11-23,49.07,50,48.23,49.28,6350
2022-11-24,49.41,49.75,47.47,48.31,17172
2022-11-25,49.79,49.79,48.1,49.11,6592
2022-11-28,49.11,51.18,47.76,48.27,37830
2022-11-29,48.61,49.49,48.23,48.31,6405
2022-11-30,48.31,48.31,47.72,48.14,16489
2022-12-01,48.23,48.73,47.81,48.06,16484
2022-12-02,48.95,48.95,46.79,47.22,17566
2022-12-05,46.75,48.52,46.75,47.51,9808
2022-12-06,47.64,48.52,47.43,48.1,13486
2022-12-07,48.1,48.73,47.3,47.47,10074
2022-12-08,47.6,47.85,46.58,47.05,9186
2022-12-09,47.26,47.85,46.54,46.79,8937
2022-12-12,47,47.98,45.82,46.75,9082
2022-12-13,47.17,47.72,45.19,46.5,19119
2022-12-14,46.5,48.44,45.11,47.34,17353
2022-12-15,47.34,47.34,46.46,46.62,13476
2022-12-16,46.67,48.52,46.46,47.34,31850
2022-12-19,46.84,47.17,45.99,46.41,10876
2022-12-20,46.41,47.3,46.08,46.16,7002
2022-12-21,46.37,55.36,46.08,51.31,679270
2022-12-22,53.76,54.68,49.03,50.04,163586
2022-12-23,50.04,50.04,44.94,45.7,93194
2022-12-26,46.84,49.62,44.89,45.87,51876
2022-12-27,46.67,47.13,45.82,46.08,11185
2022-12-28,45.65,46.71,45.36,45.74,14280
2022-12-29,46.96,54.73,46.08,51.65,99777
2022-12-30,55.65,59.92,52.7,53.38,596409
2023-01-02,53.17,53.84,50.72,51.06,39620
2023-01-03,51.44,51.48,48.52,49.03,36259
2023-01-04,49.11,50.08,49.11,49.45,19469
2023-01-05,49.03,49.62,48.78,49.33,12237
2023-01-06,49.62,50.25,48.1,48.52,16058
2023-01-09,48.86,50.55,47.38,48.19,29446
2023-01-10,48.35,50.13,48.19,49.66,14475
2023-01-11,49.45,49.79,47.76,48.19,14933
2023-01-12,48.78,49.58,47.05,47.98,8166
2023-01-13,47.38,48.73,47.38,48.14,8152
2023-01-16,48.95,48.95,47.38,48.69,8256
2023-01-17,48.23,49.03,47.43,48.02,5577
2023-01-18,48.27,52.07,47.55,49.49,32579
2023-01-19,49.45,52.7,48.61,50.13,61591
2023-01-20,50.8,53.17,49.11,50,65627
2023-01-23,50.59,52.03,49.79,50.34,30935
2023-01-24,50.84,52.32,49.71,50.08,31918
2023-01-25,50.04,50.04,47.38,48.19,18073
2023-01-27,47.51,48.86,45.82,47.72,16414
2023-01-30,47.72,48.48,47.38,47.98,7849
2023-01-31,47.98,50.3,47.72,48.57,2723
2023-02-01,48.23,49.66,46.84,47.26,14459
2023-02-02,46.41,48.4,45.95,46.29,16091
2023-02-03,46.96,47.81,43.71,45.78,27832
2023-02-06,45.15,45.74,44.22,45.11,7550
2023-02-07,45.19,48.73,44.6,47.43,16323
2023-02-08,47.89,48.06,46.88,47.05,5844
2023-02-09,47.05,48.19,46.46,46.5,3545
2023-02-10,46.46,47.26,45.57,45.78,8374
2023-02-13,48.95,48.95,45.99,46.12,4667
2023-02-14,46.79,46.79,45.99,46.03,3412
2023-02-15,46.2,48.44,46.2,47.51,26731
2023-02-16,48.95,48.95,46.75,47.51,4148
2023-02-17,47.47,48.02,45.99,46.37,9910
2023-02-20,45.99,47.22,45.57,46.5,11517
2023-02-21,45.87,47.85,45.32,46.92,4484
2023-02-22,48.48,48.48,45.57,46.46,10582
2023-02-23,46.03,47.26,45.23,45.61,10512
2023-02-24,45.44,47.68,45.44,45.74,4537
2023-02-27,45.06,45.65,42.19,42.91,14969
2023-02-28,43.29,44.6,43.29,43.97,8383
2023-03-01,43.12,44.22,43.12,43.76,4710
2023-03-02,43.76,44.18,43.46,43.67,3038
2023-03-03,43.67,43.67,40.63,42.07,61932
2023-03-06,42.19,42.79,37.26,38.69,170721
2023-03-08,39.66,40.46,34.05,36.58,175357
2023-03-09,37,37.68,32.36,35.78,346027
2023-03-10,35.74,36.71,34.94,36.29,34210
2023-03-13,36.62,43.21,36.2,40.17,568894
2023-03-14,40.76,41.65,36.16,36.75,145411
2023-03-15,37.43,37.98,36.29,36.71,50589
2023-03-16,37.13,37.13,34.73,36.12,46780
2023-03-17,36.58,37.13,36.5,36.75,11893
2023-03-20,36.71,37.09,35.57,35.82,22519
2023-03-21,35.87,36.58,34.64,35.23,20606
2023-03-22,34.77,36.54,34.64,35.36,14572
2023-03-23,35.11,36.16,34.47,34.68,53216
2023-03-24,34.94,35.65,34.26,34.35,19790
2023-03-27,34.05,35.74,33.97,35.49,21470
2023-03-28,35.53,35.7,34.6,34.77,16759
2023-03-29,35.02,35.61,33.16,33.92,32342
2023-03-31,34.3,35.44,34.22,34.94,26492
2023-04-03,34.64,36.37,34.64,36.12,20935
2023-04-05,36.67,37.64,35.99,36.62,25139
2023-04-06,36.88,43.92,36.67,41.69,306314
2023-04-10,41.35,41.35,39.03,39.62,33266
2023-04-11,39.87,41.35,39.58,40.34,18759
2023-04-12,39.66,41.94,39.66,41.35,18134
2023-04-13,41.65,43.16,39.66,40.76,19707
2023-04-17,40.59,41.14,40.04,40.25,5919
2023-04-18,40.25,40.25,37.98,38.78,43959
2023-04-19,38.61,40.04,38.61,39.58,9462
2023-04-20,39.03,42.15,39.03,41.56,36862
2023-04-21,41.31,42.15,40.93,41.22,14794
2023-04-24,40.68,41.81,39.71,40.04,12364
2023-04-25,40.34,41.27,39.24,39.75,14347
2023-04-26,39.92,40.72,39.71,39.79,10428
2023-04-27,39.75,40.38,38.78,39.03,26205
2023-04-28,39.41,40.04,38.9,39.54,19457
2023-05-02,40.13,40.55,38.82,38.99,16605
2023-05-03,38.95,40.3,38.95,39.71,16616
2023-05-04,39.24,40.17,39.24,39.79,13075
2023-05-05,39.37,40.42,39.07,39.28,13052
2023-05-08,39.66,39.75,39.24,39.49,5580
2023-05-09,39.66,41.35,39.37,41.14,24233
2023-05-10,40.51,41.27,39.71,40.46,19075
2023-05-11,40.8,40.8,39.16,39.71,15024
2023-05-12,39.66,41.14,39.58,40.08,15773
2023-05-15,40.08,40.93,39.54,40.55,9108
2023-05-16,41.06,41.06,39.71,40,4210
2023-05-17,40,40.25,38.82,39.33,8754
2023-05-18,39.66,40.84,39.66,40.13,8931
2023-05-19,40.42,40.76,39.28,39.79,10524
2023-05-22,40.13,40.93,39.41,40.38,16940
2023-05-23,40.08,40.63,39.24,39.66,6559
2023-05-24,39.49,39.66,37.68,38.65,22679
2023-05-25,38.95,41.35,38.9,40.89,48372
2023-05-26,41.18,41.48,40.25,40.46,12937
2023-05-29,39.92,41.14,39.24,39.45,13891
2023-05-30,42.19,43.8,41.39,41.94,98047
2023-05-31,41.39,41.65,40.59,41.18,10259
2023-06-01,40.72,42.11,40.72,40.97,15402
2023-06-02,41.56,42.79,41.39,41.9,25706
2023-06-05,41.18,43.5,41.18,42.74,17180
2023-06-06,42.87,42.87,41.77,42.74,10427
2023-06-07,42.36,43.04,41.98,42.28,16440
2023-06-08,42.19,46.25,41.6,42.66,50206
2023-06-09,43.08,45.15,43.08,44.77,59682
2023-06-12,44.94,46.12,43.59,43.67,27965
2023-06-13,43.97,44.35,43.12,43.46,6148
2023-06-14,43.21,44.05,43.12,43.59,4125
2023-06-15,43.16,44.43,42.19,42.83,37153
2023-06-16,42.95,44.94,42.45,43.71,23238
2023-06-19,43.88,44.3,42.74,43.76,13581
2023-06-20,43.92,44.18,43.04,43.29,7434
2023-06-21,43.67,43.92,41.9,42.41,14387
2023-06-22,43,43.88,42.87,43.46,15613
2023-06-23,43.29,43.84,42.74,43.42,8103
2023-06-26,43.25,43.33,41.86,42.36,2814
2023-06-27,42.28,43.29,42.19,42.7,8378
2023-06-28,42.66,43.84,42.66,43.21,7403
2023-06-30,43.21,44.18,43,43.92,19189
2023-07-03,44.47,44.47,43.25,44.35,13512
2023-07-04,44.09,44.43,43.88,44.14,22191
2023-07-05,44.35,45.4,43.67,44.22,17061
2023-07-06,44.47,45.99,44.05,45.36,12643
2023-07-07,45.57,48.95,45.27,45.7,65410
2023-07-10,46.29,47.05,44.81,46.54,13476
2023-07-11,46.46,47.43,43.88,45.32,30022
2023-07-12,45.23,46.71,45.06,46.37,20668
2023-07-13,45.91,47,45.7,45.87,27862
2023-07-14,46.54,47.22,45.57,46.71,8174
2023-07-17,46.96,46.96,45.44,45.91,11302
2023-07-18,46.12,46.41,44.81,45.11,8522
2023-07-19,45.57,45.57,42.91,43.88,33588
2023-07-20,43.92,45.19,43.42,44.6,22822
2023-07-21,44.73,44.73,43.92,44.14,15463
2023-07-24,44.14,44.56,42.87,43.25,16897
2023-07-25,43.25,43.5,42.53,42.87,6824
2023-07-26,42.62,43.46,42.36,43.08,14603
2023-07-27,43.67,43.8,43.12,43.38,9977
2023-07-28,43.42,43.71,42.53,42.62,11181
2023-07-31,43.04,44.05,42.28,43.25,37689
2023-08-01,44.26,44.64,42.91,43.84,21377
2023-08-02,44.05,44.05,40.84,42.03,18803
2023-08-03,43.04,43.04,41.65,42.11,16666
2023-08-04,41.6,43.04,41.6,42.28,30518
2023-08-07,42.28,42.66,41.77,41.9,18592
2023-08-08,41.9,46.08,41.35,45.78,130828
2023-08-09,53.84,53.84,50.21,51.27,486316
2023-08-10,51.22,51.44,48.1,48.44,87523
2023-08-11,48.95,50.21,47.05,47.89,48332
2023-08-14,45.4,45.4,43.04,43.63,89673
2023-08-16,43.63,43.67,42.19,42.36,50187
2023-08-17,42.53,42.53,41.06,42.11,48539
2023-08-18,42.95,45.57,42.24,43.33,65465
2023-08-21,43.33,44.39,43.16,43.88,24485
2023-08-22,44.56,44.56,42.66,43.12,26791
2023-08-23,43.21,45.44,43,43.71,59488
2023-08-24,44.47,44.47,42.83,43.04,30935
2023-08-25,43,43.8,42.41,42.87,45904
2023-08-28,43.54,44.73,42.87,44.01,63113
2023-08-29,44.6,45.57,43.97,45.19,44652
2023-08-30,45.74,45.78,43.88,44.77,27721
2023-08-31,44.35,46.16,42.95,43.5,98528
2023-09-01,43.84,44.56,43.59,44.22,32237
2023-09-04,43.88,45.99,43.71,44.01,50408
2023-09-05,43.88,46.84,43.88,46.03,97425
2023-09-06,46.16,47.93,45.15,46.33,94311
2023-09-07,46.67,47.89,45.78,46.62,75998
2023-09-08,46.62,47.68,45.57,46.75,41444
2023-09-11,46.54,47.26,45.27,45.61,47677
2023-09-12,44.73,46.25,40.51,41.9,60617
2023-09-13,42.62,43.76,41.06,42.28,45489
2023-09-14,42.7,43.5,42.53,43.16,18711
2023-09-15,43.21,46.54,43.08,43.42,95469
2023-09-18,43.54,44.22,43.04,43.33,10967
2023-09-20,43.71,43.8,43,43.08,16686
2023-09-21,42.95,45.53,42.83,43.16,56182
2023-09-22,43.97,43.97,42.45,42.66,13176
2023-09-25,42.41,44.14,41.77,42.41,19668
2023-09-26,42.7,43.29,41.9,42.45,11548
2023-09-27,42.41,44.6,42.19,43.63,38190
2023-09-28,43.16,43.88,42.87,43.04,17806
2023-09-29,43.12,43.8,42.36,42.7,17251
2023-10-03,42.62,42.95,42.19,42.57,11714
2023-10-04,42.57,43.29,41.69,42.24,19885
2023-10-05,42.53,43.25,41.9,42.62,73019
2023-10-06,42.62,43.38,42.28,42.49,113604
2023-10-09,42.07,42.95,40.93,41.48,102763
2023-10-10,41.56,42.36,41.48,41.98,46759
2023-10-11,42.62,42.66,41.86,42.15,34091
2023-10-12,43,45.23,42.15,43.63,130936
2023-10-13,43.88,44.22,43.12,43.59,25410
2023-10-16,44.47,44.47,43.25,43.63,120164
2023-10-17,43.67,44.3,43.08,43.63,148950
2023-10-18,43.5,44.14,42.62,43.16,97105
2023-10-19,43,45.78,42.83,44.89,155037
2023-10-20,45.82,48.4,45.15,46.46,270383
2023-10-23,47.26,47.26,42.28,43,170524
2023-10-25,42.83,46.33,42.7,43.92,365828
2023-10-26,43.92,44.98,43.04,43.59,61546
2023-10-27,43.46,44.98,43.46,44.01,63311
2023-10-30,44.01,46.79,43.5,44.01,119957
2023-10-31,44.09,45.49,43.63,44.35,59976
2023-11-01,44.35,45.36,43.88,44.09,60964
2023-11-02,44.43,47.26,44.09,45.44,174320
2023-11-03,46.08,47,44.22,44.52,109639
2023-11-06,44.77,47.26,44.14,44.64,161813
2023-11-07,44.6,45.95,44.39,45.06,65139
2023-11-08,44.81,46.25,44.52,44.85,94282
2023-11-09,44.98,45.49,44.3,44.77,85730
2023-11-10,44.77,44.81,43.71,44.3,11638
2023-11-12,48.1,48.82,46.46,47.81,193594
2023-11-13,49.79,57.34,49.71,57.34,1099547
2023-11-15,60.8,64.98,58.73,59.71,1576417
2023-11-16,59.87,59.87,55.15,56.03,226423
2023-11-17,57.22,61.14,56.46,58.35,256990
2023-11-20,59.66,59.92,56.96,57.93,86452
2023-11-21,57.93,58.1,55.87,56.46,60296
2023-11-22,55.78,60.76,55.78,56.84,103074
2023-11-23,56.84,57.81,56.41,57.13,34662
2023-11-24,56.75,59.92,56.75,58.86,139805
2023-11-28,59.07,61.01,58.35,59.45,147916
2023-11-29,59.24,60.25,57.38,58.48,75998
2023-11-30,57.81,58.44,56.67,57.26,51499
2023-12-01,57.93,60.34,56.96,59.58,131313
2023-12-04,60.76,61.06,58.23,58.9,68309
2023-12-05,58.02,60.04,57.17,57.72,96192
2023-12-06,57.85,58.69,56.88,57.09,36185
2023-12-07,56.88,58.23,56.54,57.76,27067
2023-12-08,58.06,58.35,56.96,57.17,32996
2023-12-11,58.19,58.19,56.29,56.84,44237
2023-12-12,56.37,58.35,56.37,57.26,29539
2023-12-13,57.76,58.19,56.71,57.17,23961
2023-12-14,57.64,62.03,57.05,61.6,299594
2023-12-15,62.66,63.88,61.01,61.22,154812
2023-12-18,60.76,61.81,57.34,57.76,95707
2023-12-19,57.76,58.57,57.09,57.3,52195
2023-12-20,57.98,58.06,54.05,55.06,83670
2023-12-21,53.59,56.29,53.59,55.91,34503
2023-12-22,55.99,57.22,55.95,56.75,40234
2023-12-26,55.78,60,55.78,59.16,115431
2023-12-27,60.04,60.59,58.23,59.62,53013
2023-12-28,58.48,63.54,57.89,62.87,306468
2023-12-29,73.33,75.02,68.06,68.9,1589759
2024-01-01,67.93,70.63,66.79,68.99,248631
2024-01-02,70.04,70.55,65.91,69.24,107597
2024-01-03,69.28,69.87,65.78,65.78,40855
2024-01-04,64.98,67.05,62.49,65.11,38185
2024-01-05,64.81,65.82,62.45,63.17,39450
2024-01-08,64.01,64.05,61.01,61.94,15382
2024-01-09,61.94,64.09,61.44,62.49,35785
2024-01-10,63.38,65.49,62.57,63.71,36798
2024-01-11,64.9,65.82,61.81,64.14,27102
2024-01-12,64.14,64.18,62.45,63.76,24475
2024-01-15,64.94,66.67,62.62,64.35,34375
2024-01-16,66.67,67.34,64.26,65.57,18862
2024-01-17,64.98,65.4,63,63.5,12395
2024-01-18,63.5,64.98,60.63,62.15,18414
2024-01-19,63.21,64.47,62.15,63.12,24152
2024-01-20,63.25,63.25,61.52,62.53,13816
2024-01-23,60.89,63.25,60.76,60.97,21611
2024-01-24,61.18,62.87,59.07,59.96,31063
2024-01-25,60.76,62.03,59.49,61.48,21986
2024-01-29,62.87,64.52,62.45,64.39,36045
2024-01-30,64.52,64.52,61.48,62.45,20132
2024-01-31,62.24,65.49,61.48,61.9,28988
2024-02-01,61.9,63.29,60.93,62.15,20325
2024-02-02,62.15,63.21,60.34,61.44,25522
2024-02-05,61.44,63.21,61.44,62.28,11086
2024-02-06,62.28,63.71,60.42,60.8,23960
2024-02-07,60.8,62.32,59.07,61.77,15656
2024-02-08,59.24,62.87,59.24,61.56,5835
2024-02-09,62.62,62.62,59.33,60.25,22519
2024-02-12,60.25,60.3,57.43,58.14,19258
2024-02-13,55.27,55.27,55.23,55.23,9583
2024-02-14,52.49,54.85,52.49,53.17,37908
2024-02-15,51.56,53.59,50.76,51.22,28251
2024-02-16,51.35,53.17,50.76,52.45,39280
2024-02-19,51.6,54.39,51.6,53.42,17009
2024-02-20,53.42,53.88,51.69,52.07,16001
2024-02-21,52.74,52.74,51.52,51.69,6254
2024-02-22,51.98,52.62,50.8,52.32,9369
2024-02-23,52.24,53.12,51.48,51.65,12981
2024-02-26,51.65,52.32,49.79,50.25,9546
2024-02-27,50.21,50.3,49.07,49.11,6810
2024-02-28,50.21,50.21,46.67,47.26,23997
2024-02-29,46.41,47.6,45.15,45.36,14528
2024-03-01,45.4,45.99,43.92,45.06,13280
2024-03-02,45.23,47.3,44.73,47.26,14973
2024-03-04,47.26,49.45,47.26,48.06,21904
2024-03-05,48.95,48.95,46.16,46.79,6774
2024-03-06,46.79,47.6,45.15,46.5,9697
2024-03-07,46.58,48.69,46.58,47.68,7330
2024-03-11,48.06,48.86,45.36,45.78,12153
2024-03-12,46.37,46.37,43.59,44.26,12628
2024-03-13,44.64,44.64,42.07,42.07,12098
2024-03-14,39.96,42.79,39.96,40.72,22436
2024-03-15,40.72,42.07,39.33,41.39,36387
2024-03-18,42.19,42.19,39.83,40.59,14803
2024-03-19,41.31,41.94,39.92,40.59,8046
2024-03-20,40.63,41.18,39.83,40.04,17376
2024-03-21,40.51,42.03,39.66,41.65,20810
2024-03-22,42.03,43.71,41.77,43.71,35806
2024-03-26,43.71,45.82,42.36,42.62,13923
2024-03-27,42.32,43.12,40.51,41.14,38092
2024-03-28,40.21,41.65,40.21,40.84,19683
2024-04-01,41.73,42.87,41.65,42.83,19679
2024-04-02,44.89,44.94,43.88,44.94,7979
2024-04-03,45.4,46.88,44.35,46.71,12547
2024-04-04,48.02,49.03,46.33,48.48,21556
2024-04-05,48.78,50.89,47.43,50,17504
2024-04-08,49.03,49.03,49.03,49.03,2149
2024-04-09,48.06,48.06,48.06,48.06,80
2024-04-10,47.13,47.13,47.13,47.13,583
2024-04-12,46.2,46.2,46.2,46.2,935
2024-04-15,45.57,45.57,45.27,45.27,77
2024-04-16,44.39,44.39,44.39,44.39,1944
2024-04-18,43.54,43.54,43.5,43.5,5416
2024-04-19,43.5,43.5,42.66,42.66,6856
2024-04-22,43.5,43.5,43.5,43.5,2430
2024-04-23,44.35,44.35,44.35,44.35,809
2024-04-24,45.23,45.23,45.23,45.23,695
2024-04-25,46.12,46.12,45.99,46.12,2088
2024-04-26,47,47,46.41,47,6891
2024-04-29,47,47,46.12,47,2413
2024-04-30,47.93,47.93,47.89,47.93,984
2024-05-02,47.93,47.93,47.89,47.89,3539
2024-05-03,47.89,47.89,46.96,46.96,5350
2024-05-06,46.96,46.96,46.03,46.03,165
2024-05-07,45.11,45.11,45.11,45.11,1241
2024-05-08,44.26,44.73,44.26,44.68,1133
2024-05-09,43.92,44.18,43.8,44.18,3578
2024-05-10,44.18,44.18,43.88,43.92,280
2024-05-13,46.08,46.08,42.74,42.91,7401
2024-05-14,43.71,45.02,42.24,45.02,4283
2024-05-15,45.15,46.84,45.02,45.87,2946
2024-05-16,46.41,46.75,45.11,45.15,3326
2024-05-17,46.25,46.84,44.73,45.78,13510
2024-05-18,44.77,48.06,44.35,45.15,3947
2024-05-21,46.84,46.84,42.91,43.42,87176
2024-05-22,43.76,43.76,42.45,43.42,14310
2024-05-23,43.88,45.4,43.42,45.23,5062
2024-05-24,45.99,45.99,44.47,45.02,6889
2024-05-27,47.93,53.97,46.75,51.81,497943
2024-05-28,51.48,54.43,46.54,47.26,117229
2024-05-29,47.17,53.5,46.46,49.54,311704
2024-05-30,50.89,51.06,46.96,47.47,59826
2024-05-31,47.47,48.14,46.33,46.46,26497
2024-06-03,47.72,51.06,46.96,49.03,86391
2024-06-04,48.99,49.71,46.46,47.81,98393
2024-06-05,48.95,51.35,46.62,50.17,58198
2024-06-06,49.79,50.46,48.86,49.2,12996
2024-06-07,49.79,51.86,49.16,51.35,56806
2024-06-10,51.47,51.89,49.37,49.42,44042
2024-06-11,49.78,53.04,49.58,50.75,45567
2024-06-12,50.63,54.25,50.62,52.1,72590
2024-06-13,52.95,54.24,51.5,51.84,27559
2024-06-14,52.68,52.99,51.1,52.12,19862
2024-06-18,52.95,52.95,49.76,50.28,33016
2024-06-19,50.84,50.96,49.04,49.25,21869
2024-06-20,49.79,51.1,49.37,50.25,31346
2024-06-21,50.55,55.7,49.49,52.79,122614
2024-06-24,52.79,52.79,51.1,51.41,16718
2024-06-25,50.89,52.31,48.95,49.17,44638
2024-06-26,49.41,50.29,49.13,49.55,17474
2024-06-27,49.48,50.54,49.37,49.59,25428
2024-06-28,50.28,50.28,49.04,49.44,44734
2024-07-01,48.35,50.55,48.35,48.83,19564
2024-07-02,48.95,51.72,47.55,50.57,77962
2024-07-03,51.41,51.81,49.2,49.68,77415
2024-07-04,50.63,50.63,49.24,49.4,51027
2024-07-05,49.59,57.81,48.95,54.87,416487
2024-07-08,54.87,55.95,51.56,52.73,84569
2024-07-09,53.17,54.19,52.54,53.32,26993
2024-07-10,54.14,58.19,53.17,53.97,250290
2024-07-11,54.77,55.62,54.1,54.86,51993
2024-07-12,54.85,55.95,52.49,53.01,61695
2024-07-15,54.14,54.26,52.5,53.96,46468
2024-07-16,54.68,54.68,51.9,52.04,32596
2024-07-18,52.32,53.18,49.11,49.62,56138
2024-07-19,49.83,50.59,48.52,48.81,23988
2024-07-22,48.95,50.08,48.03,48.35,21759
2024-07-23,48.46,49.49,45.33,46.67,53928
2024-07-24,46.71,48.38,46.71,48.2,28330
2024-07-25,47.48,48.78,47.48,48.32,7893
2024-07-26,48.32,52.33,48.1,50.08,47108
2024-07-29,51.18,51.18,48.61,49.38,25318
2024-07-30,50.46,57.19,48.57,55.78,304186
2024-07-31,61.6,66.2,59.17,60.02,1984838
2024-08-01,59.07,59.07,55.79,56.52,161823
2024-08-02,55.95,55.95,53.1,53.33,128777
2024-08-05,53.33,53.97,49.64,50.72,77137
2024-08-06,51.44,52.27,49.64,50.06,34530
2024-08-07,50.5,57.84,50.14,54.07,154080
2024-08-08,54.01,55.61,53.27,53.91,35668
2024-08-09,54.09,54.56,51.67,52.08,31220
2024-08-12,52.08,55.65,52.07,54.52,39392
2024-08-13,54.52,57.12,53.9,54.08,86236
2024-08-14,49.2,52.02,48.41,49.56,172354
2024-08-16,50.05,51.44,49.45,50.03,27050
2024-08-19,49.88,53.98,49.88,52.15,426261
2024-08-20,52.32,53,50.81,51.44,54765
2024-08-21,50.8,52.49,50.8,51.62,49147
2024-08-22,53,53.97,51.74,52.43,145041
2024-08-23,52.43,54.01,51.9,52.55,84428
2024-08-26,53.39,54.76,52.28,52.93,64854
2024-08-27,53.5,53.66,52.74,53.32,37779
2024-08-28,53.4,53.83,52.41,52.88,21344
2024-08-29,52.95,53.85,50.84,51.09,48429
2024-08-30,51.48,51.74,49.04,49.86,51903
2024-09-02,51.31,51.31,49.92,50.19,22042
2024-09-03,50.4,50.4,48.46,48.86,76633
2024-09-04,48.4,52.98,48.4,52.31,119595
2024-09-05,52.24,53.06,50.9,51.36,55392
2024-09-06,51.59,51.6,49.49,49.78,25522
2024-09-09,50.55,51.29,49.36,50.7,28206
2024-09-10,52.1,52.1,50.38,50.44,29243
2024-09-11,51.28,52.07,50.42,51.26,57143
2024-09-12,51.49,51.86,50.22,50.84,49023
2024-09-13,51.22,52.57,50.42,51.04,45206
2024-09-16,51.06,51.62,50.18,50.85,24349
2024-09-17,51.15,51.63,49.95,50.59,27295
2024-09-18,51.1,51.46,48.95,49.71,97904
2024-09-19,49.8,50.8,48.95,49.75,37928
2024-09-20,50.38,50.38,49.38,49.91,8669
2024-09-23,49.87,50.61,49.04,49.54,19133
2024-09-24,49.66,50.25,49.11,49.56,10836
2024-09-25,50.34,50.34,48.95,49.38,12485
2024-09-26,50.37,52.13,48.61,49.58,109217
2024-09-27,49.92,49.95,49.1,49.41,17050
2024-09-30,49.37,52.64,48.52,49.18,119879
2024-10-01,49.93,50.04,49.22,49.66,9000
2024-10-03,49.6,49.67,48.7,48.74,10281
2024-10-04,49.38,49.5,47.74,48.08,19758
2024-10-07,48.43,48.94,44.86,45.57,21057
2024-10-08,45.99,47.51,44.74,47.22,10390
2024-10-09,47.19,51.89,46.94,48.48,58135
2024-10-10,49.18,53,47.85,50.03,120778
2024-10-11,50.04,50.47,48.52,49.69,33907
2024-10-14,50.93,50.93,48.61,49.43,21906
2024-10-15,49.79,49.79,48.65,48.79,3328
2024-10-16,48.7,49.58,47.51,48.28,16009
2024-10-17,48.78,50.46,46.5,49.53,92034
2024-10-18,49.53,50.13,49.04,49.85,23397
2024-10-21,50.63,50.97,47.6,48.46,18753
2024-10-22,49.24,49.48,44.85,46.08,18040
2024-10-23,45.33,48,44.91,46.67,12515
2024-10-24,46.95,47.84,46.52,46.79,10844
2024-10-25,47.6,48.02,44.99,46.41,23421
2024-10-28,47.22,47.22,45.24,45.66,11135
2024-10-29,45.89,46.91,45.16,45.9,8009
2024-10-30,47.66,47.66,45.99,47.1,8342
2024-10-31,47.25,48.73,47.09,48.38,16654
2024-11-01,49.71,49.71,48.1,48.76,5996
2024-11-04,48.27,48.59,46.23,47.19,18954
2024-11-05,47.49,47.83,46.86,47.15,4068
2024-11-06,47.69,50.36,47.65,49.53,37840
2024-11-07,49.96,49.96,49.15,49.48,12329
2024-11-08,49.79,49.8,48.95,49.21,11762
2024-11-11,48.44,48.84,48.12,48.46,5314
2024-11-12,48.59,48.95,47.93,48.39,12023
2024-11-13,48.39,48.39,43.29,44.39,23210
2024-11-14,45.44,45.44,41.39,42.92,59382
2024-11-18,43.92,44.73,42.28,42.42,33882
2024-11-19,42.93,44.47,42.28,42.3,16914
2024-11-21,42.39,43.44,41.35,41.88,15170
2024-11-22,42.41,44.01,41.36,42.7,17436
2024-11-25,44.55,44.55,42.24,42.41,8818
2024-11-26,43.27,43.41,41.9,42.43,3986
2024-11-27,43.71,48.41,42.33,44.92,162535
2024-11-28,45.33,46.84,44.73,45.52,33426
2024-11-29,45.62,46.23,44.01,44.79,23506
2024-12-02,44.68,45.05,44.25,44.42,5069
2024-12-03,44.68,46.9,44.57,46.34,59081
2024-12-04,46.62,47.09,45.15,45.29,17951
2024-12-05,45.75,46.66,45.33,45.94,12791
2024-12-06,47.54,47.54,45.23,45.49,21438
2024-12-09,45.06,46.24,44.98,45.54,22615
2024-12-10,45.86,46.48,44.98,45.28,25651
2024-12-11,46.03,46.03,44.73,44.91,7346
2024-12-12,44.73,45.44,44.3,44.3,10109
2024-12-13,45.33,45.33,43.88,44.83,10729
2024-12-16,44.86,53.79,43.98,49.44,271025
2024-12-17,49.49,53.17,49.12,50.53,158124
2024-12-18,50.14,50.97,49.07,49.72,32682
2024-12-19,49.71,50.2,48.53,49.49,10374
2024-12-20,49.49,50.25,47.27,47.62,12342
2024-12-23,49.11,49.11,46.51,47.54,23354
2024-12-24,48.1,50.63,47.34,49.63,58865
2024-12-26,49,51.13,49,50.25,39884
2024-12-27,50.72,54.59,49.87,51.22,251052
2024-12-30,51.81,51.81,48.63,48.92,83685
2024-12-31,49.3,51.04,48.95,49.91,17470
2025-01-01,50.79,50.79,49.12,49.31,16880
2025-01-02,49.86,49.86,48.95,49,8309
2025-01-03,50.46,50.46,47.51,48.33,16737
2025-01-06,48.19,49.27,43.98,44.38,59281
2025-01-07,44.38,50.12,44.38,48.97,141862
2025-01-08,49.71,51.47,48.38,50.82,164542
2025-01-09,51.77,51.77,48.62,48.96,19326
2025-01-10,48.99,49.61,46.25,46.77,41161
2025-01-13,46.84,48.12,44.4,44.72,27812
2025-01-14,45.73,47.25,45.33,45.87,30596
2025-01-15,45.77,47.55,45.58,47.35,21338
2025-01-16,47.37,48.08,45.74,46.16,44557
2025-01-17,46.16,47.25,45.5,45.77,17890
2025-01-20,46.79,48.82,46.41,47.4,58747
2025-01-21,47.51,48.84,45.71,46.1,22549
2025-01-22,45.58,46.41,44.9,45.64,15102
2025-01-23,46.27,47,44.99,45.5,15162
2025-01-24,46.28,46.6,43.98,44.19,16916
2025-01-27,43.83,45.38,41.34,42.41,22323
2025-01-28,43,43.87,40.04,40.63,29726
2025-01-29,42.04,43.25,41.47,42.94,9780
2025-01-30,43.66,43.88,41.96,43.34,14624
2025-01-31,43.66,44.02,42.73,43.21,9040
2025-02-01,44.19,44.38,43.76,43.9,2065
2025-02-03,44.5,44.51,41.52,41.79,12572
2025-02-04,45.39,45.4,42.03,42.12,19546
2025-02-05,43,43.38,41.81,42.83,14252
2025-02-06,43.78,43.78,41.87,42.57,12083
2025-02-07,42.96,43.04,41.44,41.72,10885
2025-02-10,42.35,42.35,39.67,40.13,7681
2025-02-11,40.96,40.96,37.68,38.9,20525
2025-02-12,37.72,38.82,36.63,37.93,10553
2025-02-13,36.64,38.82,36.64,37.77,9611
2025-02-14,38.37,38.66,34.24,35.62,13184
2025-02-17,33.97,35.81,32.32,33.06,26754
2025-02-18,33.06,36.95,32.92,35.71,38982
2025-02-19,35.44,36.71,34.69,35.61,14949
2025-02-20,35.47,36.71,34.61,35.71,21481
2025-02-21,36.17,36.62,34.58,36.11,32716
2025-02-24,36.62,36.62,33.85,34.09,19304
2025-02-25,34.51,35.92,32.24,32.84,35201
2025-02-27,33.55,33.97,32.52,32.81,9158
2025-02-28,33.42,33.42,30.38,30.79,16679
2025-03-03,30.79,32.06,30.57,31.53,26210
2025-03-04,31.23,31.98,30.72,30.8,20296
2025-03-05,31.61,32.15,30.8,31.27,22518
2025-03-06,31.35,33.24,31.35,31.96,38038
2025-03-07,31.93,33.5,31.65,32.94,43665
2025-03-10,34.43,34.43,32.07,32.31,14362
2025-03-11,31.81,32.57,30.73,31.21,25224
2025-03-12,31.49,31.96,29.7,30.02,25815
2025-03-13,30.8,30.8,28.35,28.69,23084
2025-03-17,28.73,31.05,26.34,27.31,54524
2025-03-18,27.44,28.44,26.47,27.43,36147
2025-03-19,27.14,31.01,27.14,30.39,134197
2025-03-20,30.72,32.54,30.55,30.93,70435
2025-03-21,30.89,32.08,29.89,31.18,31977
2025-03-24,31.22,31.69,30.47,30.71,63582
2025-03-25,30.98,31.29,29.54,29.91,135473
2025-03-26,30.8,30.8,26.41,26.64,115299
2025-03-27,27.38,27.38,26.23,26.57,56183
2025-03-28,27.83,27.83,25.58,26.33,19559
2025-04-01,27,29.87,26.68,28.84,41319
2025-04-02,29.19,29.75,28.11,29.29,11141
2025-04-03,28.51,32.74,28.51,31.07,173175
2025-04-04,31.35,32.04,29.54,29.69,23736
2025-04-07,28.69,30.2,26.23,28.52,8638
2025-04-08,29.54,31.21,29.05,30.74,67245
2025-04-09,30.51,30.62,29.11,29.54,5440
2025-04-11,29.56,30.33,28.9,29.3,10215
2025-04-15,29.22,30.7,28.71,28.95,16708
2025-04-16,29.71,30.2,27.76,28.01,69822
2025-04-17,28.43,28.58,27.14,27.63,54694
2025-04-21,28.08,28.68,27.68,28.1,28688
2025-04-22,28.52,28.68,28.03,28.37,19080
2025-04-23,28.41,29.24,28.19,29.03,18378
2025-04-24,29.32,29.96,28.04,28.76,30815
2025-04-25,29.36,29.96,27.85,29.17,40998
2025-04-28,29.2,30.32,28.2,28.89,62290
2025-04-29,29.37,29.95,27.51,27.63,42665
2025-04-30,28.08,28.26,27.36,27.67,10001
2025-05-02,28.19,28.19,27.05,27.07,11177
2025-05-05,27.73,27.99,25.92,26.47,31157
2025-05-06,26.72,26.99,23.54,24.26,68888
2025-05-07,23.97,24.35,23.14,23.76,35580
2025-05-08,23.71,24.19,22.45,22.79,26954
2025-05-09,22.79,23.28,22.37,23,17582
2025-05-12,24.48,24.64,23.29,23.96,11973
2025-05-13,22.83,24.12,22.76,24,24649
2025-05-14,23.48,25.15,23.48,25.06,18734
2025-05-15,25.06,26.24,24.6,26.16,50073
2025-05-16,27,27.46,25.74,27.36,40111
2025-05-19,27.56,28.26,27.37,27.84,16263
2025-05-20,28.26,28.57,27.09,27.22,11814
2025-05-21,27.22,27.23,26.84,26.84,4590
2025-05-22,26.3,26.3,26.3,26.3,801
2025-05-23,26.24,26.81,26.24,26.81,16820
2025-05-26,26.85,27.34,26.85,27.09,80870
2025-05-27,27.22,27.26,27.22,27.22,6755
2025-05-28,27.23,27.23,27.23,27.23,401
2025-05-29,27.23,27.23,27,27.23,1564
2025-05-30,26.71,26.71,26.68,26.68,809
2025-06-02,26.67,26.67,26.62,26.62,3949
2025-06-03,26.62,26.62,26.08,26.08,1420
2025-06-04,26.52,26.52,26.36,26.36,1140
2025-06-05,25.83,25.83,25.83,25.83,2177
2025-06-06,25.49,25.49,25.31,25.31,5182
2025-06-09,25.81,25.81,25.31,25.31,9117
2025-06-10,25.31,25.78,25.31,25.53,2463
2025-06-11,26.03,26.03,25.32,25.32,4032
2025-06-12,25.82,25.82,25.82,25.82,2275
2025-06-13,25.53,25.53,25.32,25.32,1521
2025-06-16,25.32,25.32,24.89,24.89,898
2025-06-17,24.89,24.89,24.89,24.89,2849
2025-06-18,24.4,24.47,24.4,24.47,530
2025-06-19,24.47,24.47,24.01,24.01,545
2025-06-20,24.48,24.48,24.47,24.48,210575
2025-06-23,24.97,24.97,24.89,24.89,135382
2025-06-24,25.32,25.36,25.15,25.36,48768
2025-06-25,25.36,25.36,24.91,25.32,113408
2025-06-26,25.82,25.82,25.82,25.82,6616
2025-06-27,26.34,26.34,26.34,26.34,5277
2025-06-30,26.93,27.65,26.93,27.65,14705
2025-07-01,29.03,29.03,27.76,29.01,104381
2025-07-02,28.69,29.32,27.6,28.34,49345
2025-07-03,28.19,28.35,27.72,27.97,10903
2025-07-04,28.27,28.27,27.1,27.38,10659
2025-07-07,28.19,28.23,27.45,28.06,12328
2025-07-08,28.06,28.65,27.11,28.1,11612
2025-07-09,28.61,28.61,27.81,27.94,7028
2025-07-10,27.93,28.35,27.68,28.16,3237
2025-07-11,28.19,28.57,27.39,27.51,13048
2025-07-14,27.65,27.85,26.58,26.98,9542
2025-07-15,27.43,27.43,25.63,25.63,48258
2025-07-16,25.74,26.71,25.32,25.36,40762
2025-07-17,25.32,25.65,25.32,25.65,5043
2025-07-18,26.16,26.16,24.84,25.5,9271
2025-07-21,25.37,26.16,25.33,25.89,6523
2025-07-22,25.74,26.08,25.32,25.53,5734
2025-07-23,25.36,26.12,25.36,25.68,2352
2025-07-24,26.1,26.1,24.82,25.26,8119
2025-07-25,25.74,25.99,24.56,25.07,11037
2025-07-28,26.16,26.29,24.89,25.83,106691
2025-07-29,26.16,26.16,25.32,25.59,9399
2025-07-30,25.59,26.58,24.79,26.19,38426
2025-07-31,26.24,27.5,25.65,27.5,182511
2025-08-01,28.87,28.87,27.05,28.83,58351
2025-08-04,28.83,30.26,27.48,29.82,61043
2025-08-05,30.46,31.22,28.69,29.22,55899
2025-08-06,28.62,28.62,28.62,28.62,1291
2025-08-07,28.05,28.05,28.05,28.05,1518
2025-08-08,27.85,27.97,27.85,27.93,8755
2025-08-11,27.93,28.49,27.93,28.49,212546
2025-08-12,28.49,28.49,28.49,28.49,10586
2025-08-13,28.69,29.06,28.61,29.06,2718
2025-08-14,29.06,29.06,29.06,29.06,364
2025-08-18,29.06,29.28,29.06,29.28,3218
2025-08-19,29.33,29.79,29.33,29.79,4718
2025-08-20,29.96,30.38,29.96,30.38,6509
2025-08-21,30.89,30.99,30.38,30.38,24380
2025-08-22,29.96,29.96,29.77,29.77,42864
2025-08-25,29.2,29.2,29.17,29.17,959
2025-08-26,28.61,28.61,28.58,28.58,1335
2025-08-28,28.01,28.01,28.01,28.01,4910
2025-08-29,28.01,28.54,28.01,28.54,142377
2025-09-01,29.11,29.11,27.97,27.97,168556
2025-09-02,27.97,28.52,27.51,28.38,13805
2025-09-03,28.23,28.69,28.23,28.69,11442
2025-09-04,28.55,28.69,28.12,28.12,11197
2025-09-05,28.12,28.12,27.55,27.56,8255
2025-09-08,27,28.11,27,28.11,43520
2025-09-09,28.11,28.67,28.11,28.67,6352
2025-09-10,28.78,29.2,28.67,29.2,10262
2025-09-11,29.06,29.06,28.61,28.61,4542
2025-09-12,28.74,28.74,28.61,28.61,880
2025-09-15,29.33,29.79,28.4,29.46,23228
2025-09-16,29.96,30.35,29.62,29.7,11354
2025-09-17,29.7,30.8,29.7,29.79,8667
2025-09-18,29.93,30.72,28.9,29.41,8608
2025-09-19,29.11,29.68,28.36,29.61,7078
2025-09-22,29.52,30.76,29.52,30.47,38663
2025-09-23,30.46,31.9,30.08,31.47,228379
2025-09-24,31.47,31.47,29.96,30.6,85680
2025-09-25,30.38,30.97,29.75,29.92,10814
2025-09-26,30.3,31,28.82,29.87,48213
2025-09-29,31.14,35.85,31.14,31.81,817256
2025-09-30,31.91,34.68,31.14,33.13,486698
2025-10-01,32.62,37.43,32.4,35.62,642503
2025-10-03,35.9,37.69,35.45,36.08,231527
2025-10-06,35.49,36.49,35.02,35.75,83104
2025-10-07,34.96,37.23,31.69,33.46,365254
2025-10-08,34.55,36.62,33.33,34.38,301194
2025-10-09,33.88,36.07,33.88,34.37,90482
2025-10-10,35.27,36.9,34.6,35.43,108436
2025-10-13,36.14,36.18,35.22,35.56,57974
2025-10-14,36.2,36.2,34.26,34.56,67304
2025-10-15,34.87,35.11,33.68,34.15,112222
2025-10-16,34.52,35.43,32.84,33.3,176206
2025-10-17,34.3,35.43,33.42,34.75,65185
2025-10-20,35.87,37.12,34.64,35.32,152878
2025-10-21,36.16,37.05,35.53,36.02,38837
2025-10-23,36.67,37.13,35.39,35.86,51822
2025-10-24,35.2,37.05,35.2,36.07,147307
2025-10-27,35.49,41.93,35.49,37.56,203965
2025-10-28,37.98,39.24,37.47,37.87,175446
2025-10-29,38.15,40,37.85,38.83,76384
2025-10-30,39.83,42.19,39.81,40.4,87736
2025-10-31,40.4,40.49,38.62,39.24,93851
2025-11-03,39.49,40.84,39.05,39.49,69133
2025-11-04,39.63,41.72,39.24,39.82,105385
2025-11-06,40.6,40.6,37.22,37.65,83265
2025-11-07,38.48,39.81,37.48,38.84,120549
2025-11-10,39.66,39.99,37.56,38.12,86905
2025-11-11,38.06,38.46,37.22,37.86,71468
2025-11-12,38.19,39.39,37.7,38.52,203184
2025-11-13,38.78,38.84,35.53,36.62,120286
2025-11-14,36.34,37.29,35.97,36.76,69643
2025-11-17,37.49,37.67,34.61,35.55,106112
2025-11-18,35.55,36.1,34.56,34.74,78311
2025-11-19,34.44,35.95,34.44,35.22,65347
2025-11-20,34.89,36.07,34.86,35.54,41083
2025-11-21,35.7,35.86,34.94,35,48630
2025-11-24,35.53,35.53,33.35,34.58,59873
2025-11-25,35.02,37.12,33.98,35.82,67820
2025-11-26,36.18,38.14,35.83,37.65,109941
2025-11-27,38.14,38.14,34.62,35,116423
2025-11-28,34.64,35.78,34.64,35.32,44402
2025-12-01,36.01,36.73,35.37,36.33,75206
2025-12-02,36.35,36.7,34.7,35.43,65883
2025-12-03,36.18,36.19,34.19,34.35,73109
2025-12-04,34.37,35.23,34.37,34.76,43345
2025-12-05,35.07,35.53,34.64,35.32,34846
2025-12-08,35.48,35.81,33.08,34.13,74722
2025-12-09,34.35,34.84,33.6,34.23,34871
2025-12-10,34.42,36.1,33.55,34.59,41024
2025-12-11,35,36.69,34.89,36.64,40487
2025-12-12,37.64,37.64,35.56,36.24,34711
2025-12-15,36.64,37.31,35.54,35.93,22392
2025-12-16,36.11,37.13,35.55,35.88,30158
2025-12-17,36.16,36.71,35.54,35.55,53974
2025-12-18,35.55,37.03,35.06,35.75,48786
2025-12-19,36.29,36.35,34.6,35.27,42503
2025-12-22,35.99,37.05,35.02,36.18,183687
2025-12-23,41.1,41.16,38.1,38.91,238770
2025-12-24,38.78,39.94,38.73,39.14,43138
2025-12-26,38.32,38.87,37.53,38.1,86001
2025-12-29,37.25,37.99,36.42,36.71,29574
2025-12-30,36.32,36.95,36.32,36.54,15573
2025-12-31,36.9,37.2,35.6,36.78,43451
2026-01-01,36.01,36.3,35.11,35.87,79984
2026-01-02,35.2,36,33.8,34.41,62693
2026-01-05,35.79,35.79,34.61,35.31,50555
2026-01-06,36.5,36.5,34.02,34.63,75771
2026-01-07,34.95,35.38,33.1,33.56,67449
2026-01-08,33.56,35.1,33.25,34.64,68524
2026-01-09,35,35.46,34.15,35.02,74438
2026-01-12,35.02,35.02,32.5,33.91,97834
2026-01-13,34.34,34.46,33.4,33.59,42327
2026-01-14,34.26,34.34,32.7,33.17,71434
2026-01-16,33.33,34.18,32.45,32.59,36949
2026-01-19,32.01,32.33,31.16,31.81,32203
2026-01-20,31.81,36.5,31.81,33.66,450502
2026-01-21,34.59,34.59,30.24,33.61,163932
2026-01-22,33.95,33.95,32.21,33.05,40882
2026-01-23,33.9,34.5,32.75,33.91,55589
2026-01-27,34.91,34.91,32.25,32.91,69927
2026-01-28,34.29,34.29,33.02,33.43,32590
2026-01-29,33.3,33.5,32.52,33.02,26005
2026-01-30,32.83,33.48,32.47,32.78,49893
2026-02-01,34.7,34.7,33.04,33.46,23606
2026-02-02,34.45,34.45,32.71,32.92,38969
2026-02-03,32.92,35.4,32.52,34.22,120922
2026-02-04,33.2,33.88,32.2,32.85,133244
2026-02-05,32,32.01,30.8,31.4,102669
2026-02-06,30.9,30.9,29.6,30.02,108193
2026-02-09,31.49,31.79,30.05,31.34,122819
2026-02-10,31.34,32.34,30.99,31.4,105198
2026-02-11,31.75,31.75,30.12,30.46,118236
